名前	読み	センターフラグ	期
秋元真夏	あきもと まなつ	0	1
生田絵梨花	いくた えりか	1	1
齋藤飛鳥	さいとう あすか	1	1
高山一実	たかやま かずみ	0	1
樋口日奈	ひぐち ひな	0	1
星野みなみ	ほしの みなみ	0	1
和田まあや	わだ まあや	0	1
伊藤純奈	いとう じゅんな	0	2
北野日奈子	きたの ひなこ	0	2
新内眞衣	しんうち まい	0	2
鈴木絢音	すずき あやね	0	2
寺田蘭世	てらだ らんぜ	0	2
山崎怜奈	やまざき れな	0	2
渡辺みり愛	わたなべ みりあ	0	2
伊藤理々杏	いとう りりあ	0	3
岩本蓮加	いわもと れんか	0	3
梅澤美波	うめざわ みなみ	0	3
大園桃子	おおぞの ももこ	1	3
久保史緒里	くぼ しおり	0	3
阪口珠美	さかぐち たまみ	0	3
佐藤楓	さとう かえで	0	3
山下美月	やました みづき	1	3
吉田綾乃クリスティー	よしだ あやのクリスティー	0	3
与田祐希	よだ ゆうき	1	3
遠藤さくら	えんどう さくら	1	4
賀喜遥香	かき はるか	0	4
掛橋沙耶香	かけはし さやか	0	4
金川紗耶	かながわ さや	0	4
北川悠理	きたがわ ゆり	0	4
黒見明香	くろみ はるか	0	4
佐藤璃果	さとう りか	0	4
柴田柚菜	しばた ゆな	0	4
清宮レイ	せいみや れい	0	4
筒井あやめ	つつい あやめ	0	4
早川聖来	はやかわ せいら	0	4
林瑠奈	はやし るな	0	4
松尾美佑	まつお みゆ	0	4
矢久保美緒	やくぼ みお	0	4
弓木奈於	ゆみき なお	0	4
山本穂乃香	やまもと ほのか	0	1
吉本彩華	よしもと あやか	0	1
岩瀬佑美子	いわせ ゆみこ	0	1
安藤美雲	あんどう みくも	0	1
柏幸奈	かしわ ゆきな	0	1
宮澤成良	みやざわ せいら	0	1
西川七海	にしかわ ななみ	0	1
市來玲奈	いちき れな	0	1
矢田里沙子	やだ りさこ	0	2
米徳京花	よねとく きょうか	0	2
伊藤寧々	いとう ねね	0	1
大和里菜	やまと りな	0	1
畠中清羅	はたなか せいら	0	1
松井玲奈	まつい れな	0	0
永島聖羅	ながしま せいら	0	1
深川麻衣	ふかがわ まい	1	1
橋本奈々未	はしもと ななみ	1	1
中元日芽香	なかもと ひめか	0	1
伊藤万理華	いとう まりか	0	1
生駒里奈	いこま りな	1	1
斎藤ちはる	さいとう ちはる	0	1
相楽伊織	さがら いおり	0	2
若月佑美	わかつき ゆみ	0	1
能條愛未	のうじょう あみ	0	1
川後陽菜	かわご ひな	0	1
西野七瀬	にしの ななせ	1	1
衛藤美彩	えとう みさ	0	1
伊藤かりん	いとう かりん	0	2
斉藤優里	さいとう ゆうり	0	1
桜井玲香	さくらい れいか	0	1
佐々木琴子	ささき ことこ	0	2
井上小百合	いのうえ さゆり	0	1
中田花奈	なかだ かな	0	1
白石麻衣	しらいし まい	1	1
堀未央奈	ほり みおな	1	2
